customer_id,name,gender,age,signup_date,country
1,Matthew Gould,Male,18,2024-08-10,United States Minor Outlying Islands
2,Juan White,Non-binary,33,2022-08-16,Swaziland
3,Gerald Walton,Male,45,2023-07-02,Hong Kong
4,Paul Luna,Female,31,2021-10-23,Norway
5,Rebecca James,Male,40,2024-07-03,Reunion
6,Traci White DDS,Female,44,2022-12-23,Faroe Islands
7,Kimberly Rogers,Female,41,2020-11-25,Pakistan
8,Paul Saunders,Female,47,2021-01-29,Saint Helena
9,Sheila Newman,Non-binary,22,2024-08-10,Svalbard & Jan Mayen Islands
10,Jessica Smith,Male,49,2023-10-14,Palestinian Territory
11,Valerie Flores,Male,60,2022-04-04,Grenada
12,Michael Rodriguez,Male,18,2021-03-28,Angola
13,Heather Weiss,Female,36,2020-04-23,Guadeloupe
14,Aaron King,Female,29,2024-08-27,Vanuatu
15,James Howell,Female,38,2020-10-07,Moldova
16,Scott Shelton,Female,55,2024-04-27,Bouvet Island (Bouvetoya)
17,Elizabeth Buck,Male,64,2023-01-14,Morocco
18,Jennifer Reeves,Female,61,2022-09-15,France
19,Audrey Williams,Male,57,2021-05-05,American Samoa
20,Dawn Mitchell,Non-binary,64,2020-05-10,Fiji
21,Levi Morales,Female,51,2020-10-14,Bulgaria
22,Courtney Scott,Female,20,2021-11-06,Denmark
23,Sarah Davis,Non-binary,27,2020-12-19,Reunion
24,Harry Washington,Male,67,2021-05-18,Saint Helena
25,Joshua Swanson,Non-binary,29,2022-01-17,Afghanistan
26,Bradley Gomez,Female,67,2020-05-30,Cote d'Ivoire
27,Brian Holland,Male,43,2021-03-31,Iran
28,Caitlin Fischer,Non-binary,37,2023-12-20,Myanmar
29,Christopher Rivas,Female,26,2022-02-16,Eritrea
30,Tracy Scott,Male,64,2022-02-24,Bolivia
31,Gregory Bennett,Female,52,2022-07-06,Netherlands Antilles
32,Stacey Ramsey,Female,69,2020-09-09,Holy See (Vatican City State)
33,Brent Hall,Female,44,2021-09-28,Lao People's Democratic Republic
34,Jessica Parks,Non-binary,29,2024-12-30,Thailand
35,Clarence Rodriguez,Female,30,2020-08-06,Bouvet Island (Bouvetoya)
36,Jeffrey Brown,Male,47,2021-04-14,Saudi Arabia
37,Jillian Pineda,Non-binary,36,2022-07-01,Guadeloupe
38,Robert French,Non-binary,29,2021-03-05,Ukraine
39,Allison Jackson,Female,46,2020-02-16,Australia
40,Jennifer Sexton,Male,55,2024-08-17,Guadeloupe
41,Joseph Garcia,Non-binary,66,2024-12-13,South Africa
42,Cynthia Abbott,Non-binary,49,2023-04-13,Korea
43,Beverly Jenkins,Male,22,2021-06-10,Suriname
44,Justin Rivera,Female,35,2023-04-18,Malta
45,Christopher Salinas,Non-binary,57,2021-03-01,Pakistan
46,Nicole Beltran,Male,54,2023-03-06,Malawi
47,Amanda Lee,Female,42,2020-08-18,Togo
48,Joel Banks,Non-binary,61,2022-08-28,Luxembourg
49,Megan Moore,Male,70,2023-06-12,Greece
50,John Hammond,Female,59,2023-06-08,India
51,Matthew Harrell,Non-binary,26,2020-10-07,Spain
52,Tiffany Chen,Male,44,2021-10-29,South Africa
53,Jesse Hall,Female,22,2021-01-30,Saint Lucia
54,Steven Hoover,Non-binary,27,2022-02-10,Congo
55,Daniel Manning,Non-binary,63,2022-04-10,Zimbabwe
56,Theresa Eaton,Female,67,2021-01-05,Papua New Guinea
57,Chris Lang,Male,29,2021-11-14,Guinea
58,Emma Collins,Non-binary,24,2020-09-11,Anguilla
59,Kim Roman,Female,33,2021-06-05,Greece
60,Brandon Anderson,Male,35,2024-11-21,Burkina Faso
61,Penny Maldonado,Non-binary,34,2020-12-26,Israel
62,Vickie Atkinson,Female,48,2022-01-22,Norway
63,Amber Dawson,Non-binary,70,2023-09-20,American Samoa
64,Kelly Barajas,Female,65,2020-05-30,Grenada
65,Amanda Garcia,Male,62,2022-11-17,Romania
66,John Holland,Male,30,2022-02-15,Mexico
67,Cindy Hopkins,Non-binary,49,2023-11-28,South Georgia and the South Sandwich Islands
68,Madison Wilson,Female,35,2020-11-08,Egypt
69,Dylan Hall,Non-binary,29,2024-04-12,Timor-Leste
70,Jeff Yates,Non-binary,52,2023-09-10,Turks and Caicos Islands
71,Stephanie Lara,Male,61,2024-11-23,British Indian Ocean Territory (Chagos Archipelago)
72,Nancy Harding,Male,41,2023-02-28,New Caledonia
73,Joshua Watts,Male,61,2022-08-30,Madagascar
74,Amanda Blackwell,Male,24,2021-01-17,Saint Barthelemy
75,Megan Jones,Non-binary,70,2024-08-29,Lithuania
76,Ashley Fuller,Male,26,2021-02-26,Spain
77,David White,Male,60,2022-05-24,Turkey
78,Hailey Cruz,Male,70,2022-06-03,Macao
79,Michael Norton,Female,29,2024-10-27,Montserrat
80,William Hood,Non-binary,22,2020-01-17,Mayotte
81,Justin Kelly,Male,30,2022-04-21,Jordan
82,Joseph Guerrero,Male,36,2023-11-04,Faroe Islands
83,Amanda Bradley,Female,67,2020-09-21,Eritrea
84,Tamara Bailey,Female,43,2020-06-09,Mexico
85,Denise Rodriguez,Non-binary,44,2021-11-14,Mauritania
86,Jodi Johnson,Non-binary,37,2021-06-09,Algeria
87,Melanie Levine,Female,39,2020-10-05,Gabon
88,Joshua Martinez,Female,38,2022-12-14,Mongolia
89,Roberto Jones DVM,Female,53,2024-09-29,Norway
90,Whitney Gibbs,Male,59,2022-02-03,Barbados
91,Keith Lopez,Female,40,2021-01-24,Ecuador
92,Jay Garza,Non-binary,20,2023-03-04,Andorra
93,Kurt Hodges,Male,24,2022-12-25,Estonia
94,Heather Hernandez,Non-binary,28,2022-10-12,Myanmar
95,Melissa Russell,Non-binary,31,2022-01-27,Monaco
96,Sean Rios,Female,33,2023-10-14,Isle of Man
97,Teresa Smith,Female,31,2023-05-13,Mexico
98,Jason Day,Female,19,2020-12-16,Netherlands
99,Dominique Warren,Male,45,2021-01-03,French Guiana
100,Bradley Arnold,Female,30,2021-04-04,Kuwait
101,Helen Boyd,Male,69,2021-01-11,Antarctica (the territory South of 60 deg S)
102,Richard Williams,Female,25,2021-02-17,Korea
103,Daniel Spencer,Male,42,2020-05-31,Bahrain
104,Kristen Jordan,Non-binary,56,2024-01-08,Taiwan
105,Catherine Roth,Female,44,2021-07-18,United States Virgin Islands
106,William Wade,Female,18,2023-08-04,Andorra
107,Levi Brown,Male,54,2020-06-16,Sweden
108,Timothy Boyer,Non-binary,65,2023-02-26,Syrian Arab Republic
109,Nancy Fox,Male,21,2020-05-23,Singapore
110,Nancy Shields,Female,48,2021-05-25,Cape Verde
111,Victor Kennedy,Male,67,2023-04-02,Benin
112,Andrew Schmidt,Male,59,2020-03-18,Mayotte
113,Kelly Jones,Non-binary,44,2020-08-02,Netherlands
114,Beth Ayala,Non-binary,59,2022-06-24,Korea
115,Gregory Moore,Non-binary,22,2022-07-07,Puerto Rico
116,Samantha Burnett,Non-binary,55,2023-07-16,Hong Kong
117,Tiffany Brown,Female,35,2022-04-18,Romania
118,Nicole Miller,Non-binary,27,2021-05-29,Ghana
119,Michael Dean,Male,67,2021-04-02,Brazil
120,Kim Lane,Female,67,2022-08-09,Thailand
121,Jennifer Mathews,Female,23,2022-07-27,Niger
122,Matthew Odonnell,Female,32,2022-02-03,Netherlands
123,Andrew Scott,Non-binary,36,2020-04-27,Kiribati
124,Kevin Gallagher,Non-binary,20,2022-07-03,Central African Republic
125,Kyle Evans,Female,49,2023-01-02,Greece
126,Heather Williams,Male,34,2023-11-13,Eritrea
127,Leslie Aguirre,Male,64,2022-02-20,Malaysia
128,Jordan Olson,Non-binary,69,2021-11-16,Madagascar
129,Kristy Aguilar,Male,22,2023-07-07,Thailand
130,Stephanie Wilkerson,Male,69,2021-03-05,Antarctica (the territory South of 60 deg S)
131,Donna Hicks,Non-binary,30,2024-06-15,British Indian Ocean Territory (Chagos Archipelago)
132,Maria Martin,Non-binary,47,2025-01-07,Nicaragua
133,Crystal Martinez,Female,27,2020-02-08,Jordan
134,Andrew Moreno,Male,33,2021-09-28,Macao
135,Heidi Ferguson,Female,20,2023-02-23,Sri Lanka
136,Michael Yoder,Male,22,2023-05-14,Mozambique
137,Lauren Walker,Male,66,2023-06-02,Somalia
138,Ashlee Hood,Male,60,2022-05-17,Bhutan
139,Aaron Mueller,Non-binary,21,2023-04-14,Kuwait
140,Bryan Mccoy,Female,48,2022-12-14,Comoros
141,Manuel Gordon,Female,36,2024-04-10,New Caledonia
142,Thomas Paul,Non-binary,28,2024-03-09,Antigua and Barbuda
143,Natasha Jackson,Female,47,2023-05-25,Trinidad and Tobago
144,Amber Rios,Non-binary,70,2024-05-22,Timor-Leste
145,Leslie Clark,Male,42,2024-12-15,Malta
146,David Benjamin,Male,40,2023-02-28,Denmark
147,Elizabeth Murphy,Non-binary,30,2022-11-28,Algeria
148,William Cabrera,Male,50,2023-05-19,Liechtenstein
149,Antonio Walker,Female,46,2024-06-21,Sweden
150,Katie Cobb,Female,20,2022-07-23,Grenada
151,Stephen Stewart,Male,67,2023-11-12,Libyan Arab Jamahiriya
152,Laura Jenkins,Female,24,2021-02-21,Cote d'Ivoire
153,Karen Benjamin,Female,56,2020-07-28,Uzbekistan
154,Derek Newman,Male,36,2022-03-13,Croatia
155,Heather Austin,Non-binary,49,2022-09-11,Turkmenistan
156,Samuel Taylor,Female,62,2024-09-09,Portugal
157,Kari Bolton,Female,51,2022-09-14,Congo
158,Stephanie Reyes,Female,49,2023-04-14,Mozambique
159,Marcus Collins,Female,27,2023-07-14,Congo
160,Keith Johnson,Male,38,2021-07-11,Argentina
161,Steven Martinez,Non-binary,25,2020-06-03,Marshall Islands
162,Maria Hernandez,Non-binary,34,2021-11-08,Barbados
163,Candace Anderson,Female,65,2020-02-04,Hong Kong
164,Deanna Deleon,Non-binary,68,2024-02-09,Samoa
165,Ryan Payne,Female,21,2021-07-30,Georgia
166,Lisa White,Non-binary,43,2022-10-29,Trinidad and Tobago
167,Eric Lopez,Female,43,2024-07-01,Angola
168,Cindy Nguyen,Male,19,2022-01-15,Thailand
169,Daniel Mora,Male,56,2023-04-29,Egypt
170,Dr. Kayla Barnett,Female,28,2020-08-17,Mexico
171,David Ramirez,Male,63,2024-05-26,Hong Kong
172,Christopher Sanchez,Female,32,2020-03-27,Sri Lanka
173,Dr. Donna Santiago,Male,44,2023-03-22,Saint Lucia
174,Donald Stone,Male,23,2021-04-04,Rwanda
175,James Baker,Female,70,2021-04-16,Bangladesh
176,Breanna Pierce,Non-binary,19,2024-11-04,Congo
177,Valerie Krause,Male,70,2024-10-23,Cameroon
178,John Rollins,Female,63,2024-07-31,Sri Lanka
179,Amy Brown,Non-binary,37,2024-02-19,Saudi Arabia
180,Shawn Pitts DVM,Female,27,2022-01-29,Vanuatu
181,Robin Hamilton,Non-binary,24,2023-06-17,Malawi
182,Michael Edwards,Female,32,2021-10-07,Cayman Islands
183,Erica Ferguson,Female,20,2021-07-25,Slovakia (Slovak Republic)
184,Michelle Davenport,Non-binary,61,2024-05-22,Christmas Island
185,Jason Barnett,Non-binary,20,2024-09-10,Belgium
186,Donna Cook,Non-binary,61,2022-02-16,Mozambique
187,Christopher Baker,Female,55,2021-03-27,Mozambique
188,Samuel Smith,Female,23,2022-05-10,Kenya
189,Stephanie Martinez,Female,51,2024-03-11,Gibraltar
190,Gabriel Franklin Jr.,Female,61,2023-06-16,Solomon Islands
191,Robin Wilson,Non-binary,27,2020-08-31,Libyan Arab Jamahiriya
192,Sharon Jackson,Non-binary,29,2023-07-12,Latvia
193,Sierra Cooper,Female,61,2022-03-19,Saint Martin
194,Robert Beard,Non-binary,52,2023-01-03,Uzbekistan
195,Jose Campbell,Male,32,2024-05-26,Saint Martin
196,Brianna Gilbert,Non-binary,43,2021-04-03,Panama
197,Rose Adams,Non-binary,36,2022-10-14,Bosnia and Herzegovina
198,Angela Marks,Female,59,2022-06-27,Cote d'Ivoire
199,Amy Cannon,Non-binary,62,2024-10-26,Saint Pierre and Miquelon
200,Veronica Allen,Male,55,2020-06-02,Netherlands
201,Vanessa Mendez,Male,59,2021-05-31,Cyprus
202,Lynn Mitchell,Female,46,2020-10-30,Congo
203,Scott Cooley,Female,20,2021-03-22,Zimbabwe
204,Stephen Gonzalez,Female,23,2023-05-06,Denmark
205,Jesse Stone,Female,64,2022-07-18,Ukraine
206,Ashley Sims,Non-binary,19,2020-08-04,Greece
207,Adam Ortiz,Male,45,2022-02-08,Saint Barthelemy
208,Emily Robinson,Male,65,2020-03-18,Nauru
209,Brooke Horn,Non-binary,44,2023-06-01,Italy
210,Jennifer Lambert,Female,44,2022-08-16,India
211,Jason Valenzuela,Female,63,2020-05-20,Poland
212,Paul Long,Non-binary,32,2022-01-08,Kuwait
213,Albert Thompson,Non-binary,58,2023-01-01,San Marino
214,Brandy Carr,Non-binary,39,2024-06-27,United States of America
215,Amy Wilson,Female,50,2022-12-29,Morocco
216,Matthew Suarez,Male,51,2023-04-26,Georgia
217,Kathleen Choi,Male,26,2022-01-29,Paraguay
218,David Stevens,Male,60,2024-01-09,United States Minor Outlying Islands
219,Rebecca Moore,Female,33,2025-01-02,Slovakia (Slovak Republic)
220,Michael Alvarado,Non-binary,24,2022-02-01,Philippines
221,Christopher Goodman,Non-binary,64,2020-07-01,Anguilla
222,Shawn Bailey,Male,50,2024-09-18,Mali
223,Seth Perkins,Non-binary,47,2024-04-19,Canada
224,April Mora,Female,18,2024-07-22,Bolivia
225,Henry Ortiz,Non-binary,33,2024-02-20,Uzbekistan
226,Matthew Lawrence,Female,24,2024-03-28,Nepal
227,Randall Lambert,Male,33,2021-06-22,Cambodia
228,Carolyn Weeks,Male,50,2024-05-22,Montserrat
229,Stephanie Smith,Male,57,2022-01-23,Angola
230,Jasmine Rodriguez,Non-binary,21,2023-09-20,Cameroon
231,Yvonne Brooks,Male,33,2024-01-26,Burkina Faso
232,Stacy Dodson,Female,58,2023-07-20,Turkmenistan
233,James Lopez,Non-binary,51,2021-01-25,Peru
234,Steven Beasley,Male,28,2024-09-19,South Africa
235,Carl Valencia,Non-binary,41,2021-03-28,Angola
236,Lisa Miller,Male,57,2022-08-14,Turkmenistan
237,Benjamin Frazier,Female,30,2020-07-29,Cyprus
238,Thomas Salazar,Female,63,2020-10-19,Panama
239,Jonathan Watkins,Male,52,2020-03-09,Bosnia and Herzegovina
240,Nicholas Johnson,Male,47,2023-03-29,Luxembourg
241,John Tucker,Male,57,2024-04-14,Latvia
242,Christopher Gonzalez,Non-binary,41,2023-01-11,Guatemala
243,Jennifer Hubbard,Non-binary,51,2023-04-05,Myanmar
244,Mary Johnson,Non-binary,51,2022-08-03,Martinique
245,Hannah Jensen,Non-binary,51,2022-02-11,Iran
246,John Nelson,Female,69,2020-03-16,Singapore
247,Stacy Ellis,Male,64,2020-05-12,Spain
248,Laura Wood,Male,44,2023-09-02,France
249,Michelle Duffy,Male,24,2020-10-09,Belgium
250,Thomas Holt,Male,32,2021-01-06,Aruba
251,Michael Bauer,Male,27,2020-04-22,Panama
252,Rachael Miller,Non-binary,32,2021-03-19,Kazakhstan
253,Henry Mathis,Female,32,2024-02-13,Western Sahara
254,Samuel Smith,Male,39,2020-02-14,Tonga
255,Dominique Tanner,Female,70,2022-08-16,Malawi
256,Andrew Jefferson,Female,37,2021-11-24,Niger
257,Beth Williams,Male,55,2021-11-02,India
258,Bryan Walker,Female,33,2022-01-15,United States Virgin Islands
259,Peter Giles,Non-binary,37,2022-10-13,Tajikistan
260,Brian Alexander,Male,29,2022-10-05,Slovenia
261,Sandra Gillespie,Non-binary,44,2024-05-17,Antigua and Barbuda
262,Kimberly Mueller,Non-binary,63,2022-10-02,Saudi Arabia
263,Katherine Young,Female,53,2024-04-08,Bangladesh
264,Joe Adams,Male,62,2024-05-29,Myanmar
265,Christina Deleon,Male,69,2023-07-07,Pakistan
266,Kevin Lopez,Non-binary,55,2022-10-03,Saint Vincent and the Grenadines
267,Rebecca Weaver,Male,35,2021-04-19,Ireland
268,Diane Oliver,Female,57,2022-01-25,Kuwait
269,Thomas Morgan,Male,36,2023-11-13,Macao
270,Tina Brady,Non-binary,58,2022-04-18,Monaco
271,Yolanda Martinez,Female,61,2023-12-26,Italy
272,Nicholas Parks,Non-binary,23,2021-07-14,Argentina
273,Jennifer Vargas,Female,50,2020-08-08,British Indian Ocean Territory (Chagos Archipelago)
274,Andrew Santos,Female,38,2024-03-06,Peru
275,Jonathan Scott,Female,38,2023-07-03,Ecuador
276,Justin Shaw,Female,66,2024-09-29,Senegal
277,Brendan Fox,Non-binary,22,2022-09-19,Tokelau
278,Trevor Jenkins,Male,64,2024-04-09,Azerbaijan
279,Amanda Krueger,Female,23,2022-01-18,Burundi
280,Joe Meyers,Male,50,2021-11-07,Puerto Rico
281,Michelle Guzman,Male,67,2024-08-03,Ukraine
282,Molly Santos,Male,46,2024-09-13,Grenada
283,Tammy Smith,Non-binary,39,2024-06-10,Israel
284,Tracy Montes,Male,21,2023-12-08,United States Virgin Islands
285,Ashley Morrison,Female,41,2023-01-29,Barbados
286,Lisa Foster,Non-binary,43,2024-09-07,Nepal
287,Ronald Johnson,Female,55,2024-02-09,Nigeria
288,Mary Greene,Non-binary,57,2022-05-28,Zimbabwe
289,Richard Lamb,Male,62,2022-06-08,Singapore
290,James Thornton,Male,21,2021-06-28,Argentina
291,Amy Ayala,Female,39,2021-07-13,Svalbard & Jan Mayen Islands
292,Jennifer Smith,Male,25,2021-11-28,Argentina
293,Charles Miles,Non-binary,37,2023-01-27,United Kingdom
294,Nancy Carter,Non-binary,36,2023-11-29,Austria
295,Brian Young Jr.,Male,40,2023-06-14,Albania
296,Laurie Smith,Non-binary,53,2022-03-10,Costa Rica
297,Michelle Lambert,Non-binary,35,2021-04-05,Rwanda
298,Miguel Fuentes,Male,23,2022-02-22,Pakistan
299,Justin Zimmerman,Female,62,2021-05-12,New Caledonia
300,Christopher Martinez,Female,68,2024-09-20,Lithuania
301,Christopher Graham,Male,27,2023-06-25,Portugal
302,Elizabeth Waters,Non-binary,36,2023-03-26,Kyrgyz Republic
303,Sarah Reed,Male,51,2020-07-12,Comoros
304,Michael Foster,Female,39,2022-09-08,Malaysia
305,Lee Mcbride,Non-binary,64,2023-03-17,Tunisia
306,Amy Hamilton,Male,46,2024-08-04,Mali
307,Carol Wilkins,Non-binary,48,2022-05-16,United Kingdom
308,Ronald Green,Female,36,2021-11-02,Svalbard & Jan Mayen Islands
309,Danny Perez,Non-binary,65,2022-06-19,Portugal
310,Ronald Paul,Female,70,2024-08-02,Timor-Leste
311,Lucas Strong,Non-binary,28,2022-10-09,Monaco
312,John Odom,Female,68,2020-10-31,Armenia
313,Sarah Vargas,Non-binary,27,2022-11-13,Seychelles
314,Melinda Guerrero,Non-binary,49,2022-08-17,Macao
315,Patrick Dunn,Non-binary,19,2021-10-02,Uganda
316,Danielle Whitney,Female,21,2020-08-30,Syrian Arab Republic
317,Amanda Fisher,Male,53,2023-03-17,Norway
318,Emily Valencia,Female,54,2023-05-06,Eritrea
319,Arthur Malone,Male,63,2023-11-10,Botswana
320,Julia Sanchez,Non-binary,61,2022-05-21,Andorra
321,James Herman,Non-binary,21,2022-11-09,Qatar
322,John Cobb,Female,26,2023-10-09,Austria
323,Scott Goodman,Female,47,2024-10-23,Falkland Islands (Malvinas)
324,Debra Hernandez,Female,70,2020-10-26,French Polynesia
325,Raven Villegas,Female,23,2024-01-16,Uganda
326,Allison Cross,Male,39,2020-07-01,Somalia
327,Donna Bell,Non-binary,59,2020-10-14,Haiti
328,Cristian Mcpherson,Non-binary,41,2021-10-26,Japan
329,Renee Aguilar,Male,20,2024-06-12,Belarus
330,Colleen Velasquez,Non-binary,57,2020-10-31,French Guiana
331,Shannon West,Male,66,2021-05-20,Uruguay
332,Kristopher Allen,Non-binary,49,2022-01-13,Bangladesh
333,Hailey Williams,Non-binary,62,2021-12-07,Swaziland
334,Lisa Bowman,Female,46,2023-06-05,South Africa
335,Julie Rodriguez,Non-binary,62,2022-08-20,Saint Kitts and Nevis
336,Jeremy Barry,Male,67,2025-01-02,Bangladesh
337,Michael Johnson,Male,64,2021-01-25,Ghana
338,Chad Stanley,Male,53,2022-12-24,Cocos (Keeling) Islands
339,Jennifer Munoz PhD,Female,57,2023-03-25,Tajikistan
340,Warren Combs,Male,54,2022-03-03,Syrian Arab Republic
341,Bradley Colon,Male,28,2023-04-05,Israel
342,John Foster,Female,30,2020-12-04,Gibraltar
343,April Lawrence,Male,28,2023-08-17,Cayman Islands
344,Robert Smith,Male,63,2023-04-07,Belgium
345,Darren Fernandez,Non-binary,47,2022-03-08,Aruba
346,Miguel Patterson,Female,20,2020-09-17,Yemen
347,Nicole Best,Female,31,2020-08-07,Heard Island and McDonald Islands
348,Kyle Wallace,Female,42,2020-09-02,Reunion
349,Mark Harris,Female,59,2023-05-18,Macao
350,Leah Aguilar,Male,42,2022-08-25,United States Minor Outlying Islands
351,Tracey Taylor,Female,69,2024-04-09,Maldives
352,Jody Brown,Male,58,2023-06-18,Aruba
353,Darren Phillips,Male,49,2022-02-17,Gibraltar
354,Fernando Morrow,Female,22,2024-07-16,Egypt
355,Melanie Palmer,Female,67,2023-07-29,Maldives
356,Anthony Johnson,Male,20,2024-03-09,French Guiana
357,Keith Peck,Female,44,2021-03-11,Antigua and Barbuda
358,Michele Garcia,Non-binary,36,2024-01-04,Sweden
359,Brittany King,Female,50,2022-07-23,Syrian Arab Republic
360,Susan White,Female,44,2020-10-15,Cayman Islands
361,Robin Diaz,Male,43,2024-12-10,Oman
362,Jason Ramirez,Non-binary,19,2022-02-14,Nauru
363,Kevin Conway,Female,59,2022-11-26,Belarus
364,Joseph Mcdaniel,Male,46,2020-03-15,Liberia
365,Nicholas Harvey,Female,33,2021-06-28,Reunion
366,Vincent Williams,Male,30,2024-01-07,Andorra
367,Billy Garza,Female,38,2021-12-07,French Guiana
368,Amy Adams,Non-binary,46,2023-04-30,Kuwait
369,Brenda Watts,Female,51,2021-11-22,Fiji
370,Stephen Chase,Non-binary,60,2021-10-10,Marshall Islands
371,Lindsey Mitchell,Male,48,2023-06-26,Mexico
372,Christopher Thompson,Female,60,2022-08-01,Mauritania
373,Mallory House,Non-binary,62,2023-04-12,Bolivia
374,Caitlin Dunn,Male,40,2022-03-06,Wallis and Futuna
375,Curtis Bauer,Male,46,2023-12-04,Slovenia
376,Alyssa Zamora,Non-binary,27,2023-05-16,Vietnam
377,Mark Moreno,Female,38,2024-03-15,Mongolia
378,James Morgan,Non-binary,24,2021-12-15,Italy
379,Jason Rodriguez,Male,42,2024-10-19,French Polynesia
380,Kelli Lawrence,Female,50,2021-02-17,Martinique
381,David Li DDS,Male,48,2024-08-12,Cook Islands
382,Melissa Mccarthy,Male,28,2021-02-27,Namibia
383,Melissa Barr,Non-binary,68,2020-05-24,Puerto Rico
384,Marcus Boyd,Non-binary,59,2023-08-17,Ghana
385,Justin Chan,Female,69,2021-11-02,Romania
386,Breanna Simon,Male,42,2020-09-22,United Arab Emirates
387,Terri Miller,Female,38,2020-09-27,French Southern Territories
388,Adrienne Wilkinson,Female,68,2022-01-03,Zimbabwe
389,Justin Bishop,Male,34,2020-10-22,Venezuela
390,Collin Poole,Female,45,2021-12-09,Tonga
391,Michael Chambers,Male,29,2024-07-12,Cayman Islands
392,Anne Reyes,Male,25,2023-07-03,Indonesia
393,Alison Reed,Female,27,2023-12-01,Maldives
394,Jacqueline Davila,Female,45,2021-12-06,Slovakia (Slovak Republic)
395,Micheal Thompson,Female,29,2023-07-07,Uzbekistan
396,Caleb Baxter,Non-binary,58,2020-10-04,China
397,Lori Robinson,Non-binary,35,2024-04-24,Western Sahara
398,Kyle Jones,Non-binary,44,2024-06-28,Netherlands
399,Allen Lynch,Non-binary,24,2022-07-18,Malta
400,David Nelson,Male,69,2020-06-28,Haiti
401,Abigail Mitchell,Male,67,2024-10-09,Czech Republic
402,Eric Rice,Non-binary,64,2022-09-15,France
403,Joyce Martinez,Non-binary,52,2024-10-12,Mauritius
404,Sean Larsen,Male,20,2024-10-20,Chad
405,Jennifer Moore,Female,43,2021-12-01,Honduras
406,Adam Richmond,Male,50,2021-07-10,Cameroon
407,Bradley Pham,Male,34,2022-04-08,United States of America
408,Kelly Freeman,Female,49,2023-01-18,Tuvalu
409,Christopher Lopez,Male,69,2020-10-27,Guinea
410,Kevin Newton,Female,53,2022-12-09,Saint Barthelemy
411,Joseph Gonzales DDS,Male,49,2021-05-13,Switzerland
412,Michelle Andrews,Non-binary,62,2021-09-28,Martinique
413,Dale Le,Male,44,2024-02-20,American Samoa
414,Virginia Wells,Female,39,2023-06-21,Tajikistan
415,Ashley Harris,Female,57,2024-04-30,Cocos (Keeling) Islands
416,Gavin Santiago,Male,55,2020-01-23,Zimbabwe
417,Eric Wilson,Female,23,2022-01-14,Chad
418,Marc Harper,Female,26,2021-06-28,Kuwait
419,Alicia Mcclure,Female,23,2024-06-18,Armenia
420,David Copeland,Female,54,2023-04-04,Bosnia and Herzegovina
421,James Maynard,Female,68,2022-02-13,Puerto Rico
422,Charles Michael,Male,70,2024-02-06,Ukraine
423,Donald Montgomery,Male,43,2022-07-29,Antigua and Barbuda
424,Morgan Washington,Female,29,2020-11-18,Taiwan
425,Tiffany Gutierrez,Non-binary,26,2024-04-17,Comoros
426,Michael Davis,Female,28,2022-04-14,Bosnia and Herzegovina
427,Mary Robinson,Female,64,2024-10-27,Australia
428,Benjamin Williams,Female,47,2022-01-29,Ukraine
429,Matthew Castillo,Male,42,2020-06-16,Australia
430,Daryl Ortega,Male,20,2023-12-05,Guinea
431,Alicia Richardson,Female,54,2023-02-13,Tokelau
432,William Marshall,Female,52,2023-10-14,Sierra Leone
433,Antonio Christian,Male,53,2024-07-03,Faroe Islands
434,Larry Norton,Female,63,2022-02-15,Latvia
435,Brian Jones,Non-binary,21,2021-05-18,Gibraltar
436,Teresa Juarez,Non-binary,32,2023-10-05,Chad
437,Frank Morales,Female,25,2023-07-14,Sierra Leone
438,Luis Harris,Non-binary,29,2020-08-06,Bulgaria
439,Matthew Allen,Female,35,2021-08-16,Saint Helena
440,Gabrielle Phelps,Female,61,2022-02-08,Egypt
441,Dennis Smith,Female,44,2021-07-08,Cocos (Keeling) Islands
442,James Gilbert,Non-binary,45,2023-11-26,Chad
443,Joseph Frazier,Non-binary,63,2023-08-27,Svalbard & Jan Mayen Islands
444,Christopher Maldonado,Female,26,2021-01-21,Lebanon
445,Gloria Doyle,Female,52,2021-04-01,Northern Mariana Islands
446,Tiffany Sloan,Non-binary,38,2020-09-11,Fiji
447,Taylor Wilcox,Non-binary,32,2021-07-08,Jamaica
448,Steven Ruiz,Non-binary,59,2024-05-07,Tokelau
449,Christina Ryan,Non-binary,52,2021-08-15,Lesotho
450,Tracy Shaw,Male,56,2023-04-22,Guatemala
451,Carl Wilson DVM,Male,67,2020-10-07,Uganda
452,Courtney Jones,Non-binary,64,2024-03-08,Equatorial Guinea
453,Brittany Davidson,Non-binary,63,2025-01-04,Palau
454,Christopher Buchanan,Female,27,2023-07-25,Kiribati
455,Allison Russell,Male,39,2021-10-24,Congo
456,Stephanie Kelley,Non-binary,70,2023-10-02,Malaysia
457,Mary Davis,Male,40,2022-01-31,Brunei Darussalam
458,Brian Harris,Non-binary,24,2022-08-31,Timor-Leste
459,Michelle Fitzgerald,Female,22,2021-03-13,New Zealand
460,Matthew Warner,Non-binary,28,2023-06-24,Armenia
461,Anna Aguilar,Male,39,2020-10-02,Netherlands
462,Mr. Henry Moore,Male,19,2022-06-23,Comoros
463,Timothy Turner,Male,32,2023-08-08,Sierra Leone
464,Tina Solis,Non-binary,38,2021-10-06,Central African Republic
465,Matthew Barnes,Male,65,2025-01-13,Greece
466,Paul Valencia,Female,58,2024-03-24,San Marino
467,Scott King,Female,38,2022-08-15,United States Minor Outlying Islands
468,Mary Richards,Non-binary,44,2021-08-17,Faroe Islands
469,Jeffrey Gould,Non-binary,43,2024-01-27,Guyana
470,Michael Francis,Male,50,2023-10-11,Bangladesh
471,Kristin Hall,Male,42,2023-01-03,Iceland
472,Donald Davis,Non-binary,30,2023-11-11,Slovenia
473,Robert Bauer,Male,46,2023-01-07,Portugal
474,Micheal Allen,Male,42,2022-06-03,Algeria
475,Brian Alvarez,Female,18,2021-12-18,Equatorial Guinea
476,Laura Hess,Female,66,2024-10-25,Iceland
477,Amanda May,Non-binary,57,2023-12-24,Iran
478,Jessica Vasquez MD,Female,58,2022-11-22,United States Virgin Islands
479,Russell White,Non-binary,18,2020-06-14,Sweden
480,Meghan Peterson,Male,44,2021-10-16,Gabon
481,Kayla Phelps,Male,18,2022-01-16,Georgia
482,Mary Meyer,Female,29,2024-02-12,Russian Federation
483,Melanie Rowland,Male,36,2023-01-11,Guinea
484,Robert Colon,Male,43,2020-11-06,Turks and Caicos Islands
485,Paul Smith,Non-binary,23,2022-04-26,Djibouti
486,Dennis Hodges,Non-binary,54,2022-03-25,Jamaica
487,Christopher Johnson,Male,60,2020-12-05,Faroe Islands
488,James Murphy,Non-binary,24,2023-07-22,Azerbaijan
489,Rachel Thompson,Male,21,2022-10-29,Germany
490,Tara Roberts,Female,38,2020-05-08,Antarctica (the territory South of 60 deg S)
491,James Cook,Female,56,2021-11-13,Trinidad and Tobago
492,Megan Williams,Female,32,2024-05-20,Mauritania
493,Kevin Crawford,Non-binary,40,2021-12-26,Andorra
494,John Hall,Male,58,2023-08-21,Barbados
495,Amy King,Male,56,2024-01-28,Honduras
496,Ashley Collins,Non-binary,21,2021-03-06,Jamaica
497,Bradley Doyle,Non-binary,59,2021-11-26,Hungary
498,Christopher Roy,Male,69,2024-03-09,Denmark
499,Tammy Allen,Male,68,2022-11-03,New Caledonia
500,Joseph Mayo,Female,43,2021-08-14,Gambia
501,Kelly Lee,Male,50,2020-05-04,Ecuador
502,Christy Davis,Male,18,2022-08-29,Italy
503,Regina Mclaughlin,Male,18,2021-07-04,Netherlands Antilles
504,Brian Mayer,Male,59,2020-08-28,Pakistan
505,Toni Nelson,Non-binary,51,2024-01-29,Tuvalu
506,Michael Burke,Male,42,2024-07-14,Poland
507,Thomas Trujillo,Male,58,2023-05-31,Guinea-Bissau
508,Amy Bailey,Female,21,2021-01-26,Aruba
509,Robert Novak,Male,52,2023-10-09,Sao Tome and Principe
510,Dana Gates,Male,57,2022-02-15,Liechtenstein
511,Tanya Tate,Female,25,2021-01-13,Sweden
512,James Morris,Female,56,2023-06-22,Hungary
513,Thomas Moon,Female,30,2023-06-12,Burkina Faso
514,Zachary Aguirre,Non-binary,19,2023-03-20,French Polynesia
515,Kristen Shepard,Non-binary,53,2020-08-13,French Guiana
516,Calvin Glover,Male,51,2022-10-03,Lesotho
517,Joseph Coleman,Non-binary,46,2023-04-03,Svalbard & Jan Mayen Islands
518,Steven Smith,Male,19,2024-06-09,Oman
519,Kevin House,Male,43,2024-09-08,Georgia
520,Ronald Kirk,Non-binary,50,2021-04-09,Solomon Islands
521,Sharon Calderon,Non-binary,22,2021-07-15,Japan
522,Luke Hunt,Male,21,2022-12-04,Honduras
523,Zachary Barron,Female,38,2021-01-27,Israel
524,John Jenkins,Male,25,2020-05-05,Slovakia (Slovak Republic)
525,Warren Sanchez,Male,53,2024-02-10,Lithuania
526,Alan Martinez,Female,33,2024-03-02,Swaziland
527,Amy Roberts,Male,70,2021-10-20,Israel
528,Lindsey Ramirez,Male,47,2022-05-01,Libyan Arab Jamahiriya
529,Christopher Cruz,Female,52,2022-10-16,Luxembourg
530,Christopher Gonzalez,Female,41,2022-12-16,Somalia
531,Martin Velazquez,Female,25,2021-12-11,Slovenia
532,Lori Gallegos,Female,20,2020-11-16,Kiribati
533,James Robbins,Male,70,2024-07-24,Montserrat
534,Bryan Robinson,Female,26,2021-08-14,Nauru
535,Dana Zuniga,Male,53,2021-06-13,Thailand
536,Timothy Kirby,Male,47,2025-01-02,Lithuania
537,Aaron Good,Female,23,2022-03-26,Moldova
538,Lisa Cabrera,Male,47,2021-08-21,Luxembourg
539,Jason Beck,Non-binary,61,2024-05-13,Moldova
540,Andrew Taylor,Female,32,2023-10-21,Myanmar
541,Todd Stephens,Male,26,2021-09-24,Moldova
542,Kristin Lutz,Non-binary,50,2023-07-27,Burundi
543,James Graves,Female,46,2023-03-30,Zimbabwe
544,Justin Hayes,Female,29,2022-12-28,Australia
545,Erica Wells,Non-binary,44,2024-08-03,Nicaragua
546,Erica Martinez,Male,49,2021-08-13,Marshall Islands
547,Tami Willis,Male,44,2023-06-06,Somalia
548,Sierra Acosta,Non-binary,38,2020-08-06,American Samoa
549,Terry Wells,Non-binary,36,2020-06-05,Angola
550,Paul Hoffman,Non-binary,58,2020-01-25,Cape Verde
551,Tracy Hernandez,Male,26,2021-09-02,French Guiana
552,Christina Thompson,Male,18,2021-05-30,Mongolia
553,Kevin Jones,Non-binary,57,2022-03-01,Norfolk Island
554,Steven Hamilton,Female,65,2020-11-15,Zimbabwe
555,Samuel Roberts,Non-binary,55,2023-07-21,Pakistan
556,Robert Luna,Male,40,2024-02-05,Paraguay
557,Nancy Salinas,Male,18,2022-10-18,Uganda
558,Scott Haynes,Female,42,2020-05-01,Czech Republic
559,Christian Peters,Non-binary,52,2021-03-05,Guadeloupe
560,Geoffrey Camacho,Female,56,2023-03-02,Haiti
561,Mr. Richard Romero,Male,67,2021-08-12,Djibouti
562,Jorge Jenkins,Male,43,2023-06-02,Brunei Darussalam
563,Lisa Hudson,Non-binary,44,2023-03-12,Luxembourg
564,Miss Stephanie Morris DVM,Non-binary,24,2024-05-02,Chad
565,Adam Hughes,Male,64,2023-05-21,Saint Vincent and the Grenadines
566,Jeffrey Soto,Female,69,2020-10-28,Somalia
567,Taylor Cooper,Non-binary,47,2023-05-04,Qatar
568,Alison Haynes,Female,63,2021-05-31,Cayman Islands
569,Gina Washington,Female,34,2020-09-13,Zambia
570,Kevin Wilcox,Female,45,2022-01-21,Egypt
571,Katherine Myers,Female,35,2023-08-14,Tonga
572,Kevin Maxwell,Male,25,2020-02-18,Azerbaijan
573,Christopher Garcia,Male,69,2024-09-19,Liberia
574,Tiffany Mason,Male,42,2024-03-18,Philippines
575,Christopher Wilson,Non-binary,31,2023-02-11,Samoa
576,Amanda Myers,Female,70,2021-08-16,Trinidad and Tobago
577,Christopher Hinton,Female,45,2021-11-04,Vanuatu
578,Thomas Stanton,Non-binary,43,2025-01-05,Burkina Faso
579,Steven Petty,Female,64,2022-12-28,Lebanon
580,Susan Gibbs,Female,18,2020-02-12,Kiribati
581,Melissa Liu,Female,25,2022-02-20,Ecuador
582,Juan Green,Male,31,2020-03-02,Taiwan
583,Michelle Love,Male,49,2020-02-24,Aruba
584,Jasmine Powers,Non-binary,70,2024-01-09,Guinea-Bissau
585,Brian Martinez,Male,19,2022-06-19,Dominica
586,Rebecca Rose,Non-binary,56,2024-12-26,Guatemala
587,Michael Tyler,Female,57,2020-08-25,El Salvador
588,Amanda Fox,Non-binary,39,2022-04-24,New Zealand
589,Bradley Brown,Female,29,2024-06-25,Congo
590,Connie Page,Non-binary,22,2024-01-26,Denmark
591,Andrea Lee,Male,56,2021-02-10,Antarctica (the territory South of 60 deg S)
592,Melissa Lee,Female,63,2022-11-02,Kyrgyz Republic
593,Benjamin Morales,Male,32,2022-05-01,Serbia
594,Denise Soto,Male,32,2023-01-07,Belarus
595,John Nelson,Female,28,2022-11-02,Moldova
596,Madison Arnold,Non-binary,55,2021-10-01,Isle of Man
597,Michael Johnson,Female,68,2021-05-23,El Salvador
598,Gregory Lowe,Female,32,2023-03-27,Ghana
599,Angela Hernandez,Male,63,2021-02-10,Canada
600,Jeffrey Baker,Male,30,2024-08-07,Cote d'Ivoire
601,Kristin Fowler,Non-binary,52,2023-01-09,Barbados
602,Nichole Ramos,Non-binary,39,2023-06-19,Sweden
603,Martha Rogers,Non-binary,21,2023-09-22,Sri Lanka
604,Mary Allen,Non-binary,27,2022-09-18,Martinique
605,Kristen Smith,Non-binary,58,2024-04-23,French Polynesia
606,Maria Larsen,Non-binary,32,2020-11-04,Pitcairn Islands
607,Gary Harrison,Non-binary,30,2024-04-10,Guam
608,Sally Wiley,Female,41,2022-01-28,Senegal
609,Shawn Evans,Male,70,2020-08-18,Colombia
610,Kimberly Moore,Female,53,2020-06-25,Latvia
611,Russell Johnson,Non-binary,51,2022-03-23,Christmas Island
612,Mr. Marvin Mack,Male,48,2021-05-06,Congo
613,Valerie Davidson,Female,22,2024-08-24,Korea
614,Monique Weber,Female,53,2023-08-30,Reunion
615,Jackie Burgess,Non-binary,22,2024-03-23,Malaysia
616,David Morgan,Female,69,2021-05-08,Azerbaijan
617,Donna Huffman,Non-binary,49,2024-02-04,Honduras
618,Daniel Jordan,Female,40,2024-03-22,Equatorial Guinea
619,Brandon Stevens MD,Female,52,2021-10-14,Ecuador
620,Johnny Morris,Non-binary,50,2020-07-01,Guinea-Bissau
621,Angela Harris,Female,44,2023-12-27,Lesotho
622,Eduardo Martin,Male,40,2021-12-12,United Arab Emirates
623,Mary Long,Female,18,2023-09-14,Hong Kong
624,Hannah Kelley,Male,42,2020-12-28,Cote d'Ivoire
625,Jason Baldwin,Non-binary,25,2021-06-01,Suriname
626,Sharon Flores,Male,19,2021-09-18,Nicaragua
627,Jennifer White DVM,Male,41,2020-02-04,Swaziland
628,Jason Pennington,Female,32,2021-10-28,Belgium
629,Donna Saunders,Male,23,2022-02-02,Malaysia
630,Jaime Long,Non-binary,66,2021-05-14,Jordan
631,Alyssa Schultz,Non-binary,35,2024-09-16,Guinea
632,Thomas Thomas,Non-binary,34,2020-01-24,Argentina
633,Erika Gillespie,Male,28,2024-10-29,Switzerland
634,Mark Frye,Non-binary,49,2020-04-11,Antigua and Barbuda
635,Brian Park,Male,51,2021-11-16,United States of America
636,Sarah Howard,Female,46,2020-05-23,Czech Republic
637,Lisa Snow,Non-binary,23,2023-09-26,Saint Vincent and the Grenadines
638,Stephen Black,Female,52,2024-01-05,Azerbaijan
639,John Moore,Non-binary,32,2021-02-12,Bahrain
640,Francisco Mills,Female,30,2020-11-20,Saint Vincent and the Grenadines
641,Audrey Davidson,Non-binary,38,2022-05-29,Bermuda
642,James Jimenez,Female,66,2022-02-25,Ghana
643,Mrs. Erin Guerra PhD,Non-binary,22,2023-12-21,Saint Martin
644,Brenda Stanley,Male,53,2024-05-05,Luxembourg
645,Billy Kim,Male,67,2022-04-16,Togo
646,Lisa Moore,Female,48,2022-04-12,Malawi
647,Lisa Jenkins,Non-binary,61,2020-04-01,Iran
648,Kimberly Fernandez,Non-binary,64,2022-01-28,Christmas Island
649,Matthew Sanders,Female,21,2020-12-05,Madagascar
650,Barbara Bates,Female,41,2023-01-31,Malta
651,Craig Hensley,Male,43,2022-06-08,Slovakia (Slovak Republic)
652,Charles Guerra,Male,54,2023-01-05,Antigua and Barbuda
653,Matthew Lawrence,Non-binary,69,2024-05-18,Libyan Arab Jamahiriya
654,William White,Female,20,2022-03-18,Denmark
655,Marvin Schroeder,Male,67,2024-04-04,Myanmar
656,Sharon Russell,Non-binary,64,2022-10-17,Macao
657,Timothy Garcia,Female,37,2024-10-24,Palau
658,Jill Wells,Female,55,2024-11-24,Slovakia (Slovak Republic)
659,Amber George,Male,55,2020-09-07,Korea
660,Anthony Vargas,Male,70,2023-03-25,Gabon
661,Tracy Wall,Male,67,2020-12-10,Trinidad and Tobago
662,Nicholas Gomez,Non-binary,46,2021-10-04,Mongolia
663,Jordan Hudson Jr.,Male,61,2023-08-17,Wallis and Futuna
664,Tammy Taylor,Female,27,2022-12-18,Cuba
665,Julia Reese,Male,51,2024-05-04,Japan
666,William Greene,Female,54,2023-08-25,Samoa
667,Elizabeth Molina,Male,22,2023-09-24,Finland
668,Calvin Hubbard,Female,30,2023-04-15,Saudi Arabia
669,Andrew Walker,Female,29,2023-11-20,Philippines
670,Andrew Myers,Non-binary,42,2023-06-09,Japan
671,Samuel Wilson DVM,Non-binary,58,2023-12-10,Central African Republic
672,Daniel Smith,Male,32,2020-02-07,Mozambique
673,Timothy Douglas,Male,28,2022-11-10,Gabon
674,Samantha Duke,Non-binary,67,2022-02-07,Peru
675,Douglas Blackwell Jr.,Female,19,2024-01-13,Venezuela
676,Kayla Pugh,Female,32,2021-12-03,Norfolk Island
677,Matthew Dunn,Male,63,2020-04-13,Dominica
678,Yvette Rivers,Non-binary,69,2023-03-07,Guadeloupe
679,Sara Rose,Non-binary,55,2023-04-23,Benin
680,Gregory King,Female,40,2023-05-14,Switzerland
681,David Church,Female,67,2020-08-06,Central African Republic
682,Debbie Jensen,Non-binary,20,2020-09-25,Lebanon
683,Sean Gonzalez,Female,28,2023-01-04,Congo
684,Kristin Wright,Female,31,2021-10-04,Andorra
685,Sue Fitzpatrick,Non-binary,55,2024-02-03,Algeria
686,Spencer Jennings,Female,38,2024-09-13,Denmark
687,Alexandra Williams,Male,48,2020-02-01,Ecuador
688,Ronald Freeman,Male,35,2021-05-31,Bulgaria
689,Jennifer Ramirez,Male,50,2021-03-03,Portugal
690,James Solis,Non-binary,26,2020-02-02,Guadeloupe
691,Jennifer Ramirez,Male,33,2020-03-23,Paraguay
692,Theresa Gomez,Male,66,2022-11-26,Angola
693,Janet Williamson,Female,40,2021-08-15,Haiti
694,Kevin Thompson,Male,54,2021-06-12,Sao Tome and Principe
695,Isaac Sanchez,Non-binary,28,2020-11-06,Lithuania
696,Zoe Mason,Non-binary,49,2020-01-29,French Guiana
697,Kimberly Peterson,Female,32,2022-01-14,Seychelles
698,Meghan Cruz,Female,37,2020-12-26,Germany
699,Sean Webster,Female,18,2022-06-26,Mexico
700,Lynn Edwards,Male,69,2020-08-06,Venezuela
701,Madison Tate,Non-binary,39,2021-01-14,Korea
702,Nicholas Mays,Male,19,2023-09-30,Jordan
703,Debra Daniels,Female,19,2021-07-10,Guernsey
704,Francisco Carson,Male,59,2023-06-05,Brunei Darussalam
705,Carolyn Mckee,Male,51,2022-04-26,Palestinian Territory
706,Lorraine Morris,Female,18,2024-06-05,Gambia
707,Mary Porter,Male,58,2020-09-09,Gambia
708,Angie Rowland,Non-binary,61,2022-11-04,Colombia
709,Jeremiah Schultz,Female,33,2020-04-01,Sudan
710,Billy Sexton,Male,42,2024-01-30,Belarus
711,Lisa Smith,Non-binary,48,2020-06-03,Norfolk Island
712,Wesley Howard,Male,66,2023-06-26,Niger
713,Stephen Roberts,Female,25,2023-06-12,Faroe Islands
714,Maurice Jones,Female,41,2022-03-03,Uruguay
715,Joseph Lee,Female,54,2024-06-08,Pitcairn Islands
716,Chloe Conley,Non-binary,60,2023-06-13,British Indian Ocean Territory (Chagos Archipelago)
717,Javier Cooper,Female,36,2024-06-23,Iraq
718,Christine Howard,Male,32,2024-07-26,Iran
719,Daniel Herman,Female,43,2021-06-04,Nauru
720,Tamara Torres,Non-binary,19,2022-08-25,Madagascar
721,Jennifer Hall,Non-binary,29,2024-05-03,Lao People's Democratic Republic
722,Christina Robertson,Male,44,2020-10-29,Italy
723,Bryan Barajas,Female,35,2021-07-30,British Indian Ocean Territory (Chagos Archipelago)
724,Steven Ayala,Male,47,2020-03-20,Myanmar
725,Jesse Sanchez,Female,26,2022-04-30,Canada
726,James Valdez,Female,33,2022-12-23,Heard Island and McDonald Islands
727,Daniel Garrett,Male,32,2020-12-10,Reunion
728,Sally Parker,Male,34,2022-08-07,Sao Tome and Principe
729,Joseph Smith,Female,44,2020-12-21,Wallis and Futuna
730,Robert Lindsey,Male,43,2022-09-05,Montenegro
731,Sarah Kelley,Non-binary,37,2020-03-11,Congo
732,Sally Jackson,Male,64,2021-08-05,Turkey
733,Brianna Miller,Non-binary,38,2021-10-11,Malta
734,Lisa Anderson,Non-binary,70,2024-08-04,Burundi
735,Joshua Kirk,Male,54,2022-06-04,Belgium
736,Kristine Simmons,Non-binary,66,2023-03-16,Saint Vincent and the Grenadines
737,Bobby Walker,Male,40,2020-03-18,Zimbabwe
738,Mrs. Kelly Dennis DVM,Non-binary,56,2022-11-14,Portugal
739,Kelly King,Non-binary,54,2024-11-10,Honduras
740,Joseph Leach,Female,62,2020-08-19,Oman
741,Carol Marsh,Female,36,2020-11-29,Honduras
742,Jennifer Coleman,Male,62,2023-03-22,Swaziland
743,Kathleen Key,Male,22,2021-06-21,Tokelau
744,William Medina,Female,22,2022-07-23,United Kingdom
745,Bethany Roberts,Non-binary,68,2023-05-19,Liberia
746,Jessica Smith,Non-binary,66,2024-11-21,Bermuda
747,Lori Fritz,Female,53,2024-08-29,Libyan Arab Jamahiriya
748,Matthew Evans,Male,64,2021-03-04,Tonga
749,Phillip Simmons,Male,39,2024-08-05,United Arab Emirates
750,John Beck,Female,55,2023-10-29,Congo
751,Robert Roberts,Male,46,2024-08-28,Guinea
752,Jesus Moody,Female,19,2020-02-05,Sri Lanka
753,Kelsey Hoover,Non-binary,28,2020-03-17,Bouvet Island (Bouvetoya)
754,Ms. Crystal Romero,Male,57,2020-10-02,Antigua and Barbuda
755,Anna King,Female,46,2020-10-25,Bolivia
756,Jennifer Melendez,Non-binary,55,2022-06-15,Qatar
757,Jaclyn Thomas,Male,46,2023-03-13,Bosnia and Herzegovina
758,Miss Caroline Russell,Male,45,2024-06-18,Nigeria
759,Ms. Stacey Wagner,Female,49,2022-02-23,Lithuania
760,Harry Nguyen,Non-binary,37,2023-07-05,Venezuela
761,Anne Williams,Female,45,2021-12-28,Mauritius
762,Robert Robinson,Female,70,2020-04-20,Estonia
763,Jennifer Austin,Non-binary,61,2022-07-24,Ireland
764,Terri Hernandez,Male,34,2022-02-25,Paraguay
765,Christopher Porter,Male,68,2023-05-10,Saint Lucia
766,Ruth Crawford,Non-binary,55,2020-10-18,Belgium
767,Mr. Andrew Holmes,Female,38,2021-09-28,Finland
768,Melissa Goodwin,Male,24,2020-11-20,Benin
769,Jennifer Carter,Male,56,2023-01-24,American Samoa
770,Scott Arnold,Non-binary,48,2020-04-25,Syrian Arab Republic
771,Jared Owens,Male,41,2022-04-14,Congo
772,Jeremy Richardson,Male,19,2023-05-16,Burkina Faso
773,Paul Morales,Male,45,2020-06-06,Estonia
774,Ashley King,Female,66,2023-08-26,Albania
775,Kelly Kennedy,Non-binary,49,2021-01-09,Algeria
776,Erik Chavez,Non-binary,23,2022-08-01,Thailand
777,John Lee,Female,62,2022-09-04,Hungary
778,Andrea Martinez,Female,32,2021-12-22,Comoros
779,Caleb Bradford,Male,65,2024-01-03,Djibouti
780,Anne Dawson,Male,48,2024-11-13,Tuvalu
781,Travis Hernandez,Female,60,2024-07-30,Israel
782,Shannon Moore,Non-binary,22,2020-08-26,Lithuania
783,Margaret Miller,Male,48,2024-12-30,Pitcairn Islands
784,Amy Alvarado,Male,42,2022-02-04,Bouvet Island (Bouvetoya)
785,Philip Gallagher,Non-binary,43,2022-04-15,Brazil
786,Pamela Peterson,Female,18,2021-01-15,Romania
787,Debra Williams,Male,50,2023-12-28,Saint Lucia
788,Stephen Johnson,Male,21,2023-05-27,Czech Republic
789,Alexis Ross,Female,48,2023-02-28,Belize
790,Wanda Murphy,Male,33,2024-04-17,Uzbekistan
791,Evelyn Patel,Female,29,2020-02-15,French Guiana
792,Fernando Chandler,Non-binary,27,2024-05-12,Nauru
793,Elizabeth Kennedy,Non-binary,38,2024-08-24,Australia
794,Mrs. Emily Patterson,Female,52,2021-12-01,Liechtenstein
795,Carol Wolfe,Female,54,2023-11-30,Christmas Island
796,Connie Harris,Female,34,2022-03-06,Dominican Republic
797,Andrew Lewis,Female,25,2024-09-18,Korea
798,Melissa Fox,Female,51,2021-07-03,United Kingdom
799,Brian Garcia,Male,67,2024-06-03,Panama
800,Daisy Harding,Male,70,2020-02-15,Lao People's Democratic Republic
801,Colleen Jenkins,Female,70,2024-06-14,Bangladesh
802,Corey Parsons,Male,23,2022-10-02,Suriname
803,Rebecca Cruz,Non-binary,64,2020-09-08,Guatemala
804,Dr. Mackenzie Nguyen,Non-binary,54,2024-11-22,Sudan
805,Melissa Mills,Male,41,2022-10-02,Chad
806,Cheryl Lopez,Non-binary,26,2021-01-28,Guadeloupe
807,Renee Simmons,Male,24,2023-03-02,Guinea-Bissau
808,Pamela Cantrell,Female,38,2024-07-08,Togo
809,Ann Jimenez,Female,20,2020-01-26,Kyrgyz Republic
810,Dawn Davis,Non-binary,34,2021-04-12,Japan
811,Samuel Smith,Male,55,2022-03-22,Chad
812,Brian Potts,Male,42,2021-11-28,Zambia
813,Margaret Cook,Non-binary,56,2021-11-20,China
814,Monica Mcdaniel,Female,27,2021-03-19,Ireland
815,Emily Mcintyre,Female,38,2024-09-04,Guinea-Bissau
816,Mary Powell,Male,69,2021-06-16,French Polynesia
817,Christine Weaver,Female,59,2020-05-07,Cote d'Ivoire
818,Victoria Mcdaniel,Non-binary,68,2023-01-14,Central African Republic
819,Kristine Burnett,Male,53,2021-10-23,Somalia
820,Matthew Barnes,Female,60,2020-06-28,Denmark
821,Dr. Brenda Baker,Non-binary,44,2023-07-19,Falkland Islands (Malvinas)
822,Timothy Taylor,Non-binary,63,2023-08-15,Ghana
823,Erin Nelson,Male,69,2023-08-12,Slovakia (Slovak Republic)
824,Denise Davis,Male,39,2022-11-03,United States Virgin Islands
825,Jose Boyd,Male,59,2024-01-24,Canada
826,Matthew Lee,Male,57,2021-09-06,Vanuatu
827,Matthew Stewart,Female,67,2024-02-08,Togo
828,Sophia Jackson,Non-binary,45,2024-11-14,Mozambique
829,Diana Jones,Female,21,2022-07-23,Luxembourg
830,Erika Davidson,Female,26,2021-11-15,Syrian Arab Republic
831,Stephanie Neal,Male,29,2020-05-26,Anguilla
832,Sabrina Griffin,Female,23,2024-04-15,Guam
833,Brian Avery,Female,20,2020-07-21,Greenland
834,Jonathan Joseph,Male,64,2020-08-16,Bermuda
835,Robert Warren,Male,27,2021-06-12,Svalbard & Jan Mayen Islands
836,Leslie Williams,Male,51,2023-12-09,Kiribati
837,Logan Roman,Male,52,2023-03-06,Saudi Arabia
838,Emily Graves,Female,31,2020-05-15,Palau
839,Natasha Nelson,Male,30,2023-11-13,Montserrat
840,Michelle Medina,Female,62,2021-04-07,Japan
841,Michael Cunningham,Non-binary,18,2021-05-04,Guam
842,Joseph Wilson,Male,36,2022-05-14,El Salvador
843,Brian Patton,Female,32,2022-08-17,Brazil
844,Chelsea Torres,Male,41,2025-01-12,Mayotte
845,Elizabeth Hernandez,Non-binary,22,2022-08-16,Equatorial Guinea
846,Anthony Williams,Non-binary,62,2020-04-26,Cocos (Keeling) Islands
847,Laura Shelton,Female,47,2021-01-28,Central African Republic
848,Monica Chambers,Female,31,2021-11-06,Swaziland
849,Billy Levine,Non-binary,34,2023-10-29,United States Minor Outlying Islands
850,Samantha Jacobson,Male,61,2023-11-29,Botswana
851,Jenna Johnson,Female,22,2021-01-15,Anguilla
852,James Smith,Non-binary,32,2024-03-02,Niue
853,Erika Clements,Male,54,2020-03-20,Bolivia
854,Jerry Barrera,Male,68,2023-12-12,Hong Kong
855,Erin Gardner,Female,49,2024-10-24,Greece
856,Keith Taylor,Female,68,2024-03-24,Cambodia
857,Maureen Jackson,Non-binary,43,2020-12-10,French Polynesia
858,Kimberly Clark,Male,33,2021-11-15,Kiribati
859,Dominic Roth,Male,42,2020-08-28,Cocos (Keeling) Islands
860,Heidi Arnold,Male,57,2023-08-10,Cuba
861,Justin Willis,Female,58,2021-12-29,Kenya
862,Regina Cardenas,Male,29,2024-11-17,Armenia
863,Lisa Olson,Non-binary,51,2021-03-23,Aruba
864,William Ramos,Female,29,2021-08-10,Tajikistan
865,Dr. Amy Long,Male,25,2024-02-02,Azerbaijan
866,Kimberly Grant,Non-binary,70,2021-05-16,Oman
867,Chelsea Sanchez,Female,57,2023-07-05,Korea
868,Rebecca Adams,Non-binary,33,2020-11-24,Macedonia
869,Richard Johnson,Male,32,2021-02-07,Iraq
870,Daniel Collins,Male,59,2021-06-30,Kazakhstan
871,Joseph Kelly,Male,45,2020-06-29,Turkey
872,Christina Taylor,Male,67,2021-02-03,Syrian Arab Republic
873,Gail King,Non-binary,31,2022-12-31,New Zealand
874,Sean Anderson,Female,52,2021-12-29,Pitcairn Islands
875,Joshua Martinez,Female,25,2024-03-13,Panama
876,Darren Sanchez,Male,67,2020-08-20,Portugal
877,Brandi Cole,Female,68,2021-06-12,American Samoa
878,Miss Jennifer Garner,Non-binary,37,2023-04-22,Mayotte
879,Jason Perez,Non-binary,70,2020-04-13,Indonesia
880,Gavin Johnston,Non-binary,50,2020-02-05,Luxembourg
881,Jeffrey Johnson,Male,23,2023-02-09,Liechtenstein
882,Elizabeth Gonzalez,Female,35,2021-09-19,Rwanda
883,Ronnie Howard,Female,26,2020-05-29,Thailand
884,Michael Harrison,Non-binary,25,2020-12-13,Tonga
885,Terry Norton,Female,36,2021-12-12,Mexico
886,Angela Wood,Female,20,2020-11-22,Serbia
887,Mark Martin,Non-binary,37,2022-05-08,Kyrgyz Republic
888,Elaine Mcintosh,Non-binary,25,2023-07-19,Paraguay
889,Jacqueline Morales,Male,62,2023-09-12,Lebanon
890,Brian Walker,Female,70,2021-03-15,Sao Tome and Principe
891,Samuel Luna,Female,41,2023-04-05,Isle of Man
892,Joseph Jones,Female,21,2020-07-28,Zambia
893,Vicki Kent,Non-binary,43,2023-11-25,Equatorial Guinea
894,Todd Wilkins,Non-binary,57,2020-02-01,Morocco
895,Gina Brooks,Female,36,2023-07-15,Palestinian Territory
896,Deborah Adams,Female,56,2025-01-03,Brazil
897,Matthew Harris,Female,49,2020-07-21,Philippines
898,Bridget Higgins,Male,28,2020-05-07,Anguilla
899,Lorraine Anderson,Male,65,2024-12-20,British Indian Ocean Territory (Chagos Archipelago)
900,Nathan Perez,Non-binary,60,2021-07-09,South Georgia and the South Sandwich Islands
901,Melissa Kramer,Male,23,2023-06-29,Bulgaria
902,Timothy Evans,Male,24,2022-07-31,Bolivia
903,Jonathan Hartman,Female,63,2020-05-28,India
904,Catherine Smith,Non-binary,49,2023-10-25,Yemen
905,Stephen West,Non-binary,62,2020-11-19,Yemen
906,Diana Taylor,Non-binary,44,2022-06-11,South Africa
907,Randy Taylor,Female,59,2020-01-30,Greenland
908,Teresa Flores,Non-binary,28,2022-04-23,Australia
909,James Fleming,Male,38,2024-01-20,Luxembourg
910,Robert Mcintosh,Female,34,2023-07-22,Grenada
911,Rachel Contreras,Female,60,2021-09-30,Israel
912,Dustin Dominguez,Non-binary,32,2021-07-13,Lebanon
913,Pamela Myers,Non-binary,46,2023-05-15,Seychelles
914,Timothy Alexander,Female,19,2020-10-30,Wallis and Futuna
915,Joseph Davis,Non-binary,66,2021-01-28,Bolivia
916,Gary Payne,Female,25,2024-09-15,Sao Tome and Principe
917,Dr. Michael Kennedy,Female,38,2022-06-07,French Guiana
918,Patricia Hughes,Non-binary,58,2022-12-03,Gambia
919,Sherry Campbell,Female,58,2022-01-21,Marshall Islands
920,Victor Richardson,Female,50,2021-01-20,Germany
921,David Reyes,Non-binary,25,2024-10-14,Sweden
922,John Rose,Female,51,2021-03-13,Tokelau
923,Eric Kelly,Female,30,2023-04-28,United States Minor Outlying Islands
924,Alexander Stewart,Male,44,2023-01-04,Guyana
925,Matthew Francis,Non-binary,60,2021-08-18,Isle of Man
926,Miguel Hogan,Male,25,2022-06-13,United States of America
927,Margaret Martinez,Male,40,2021-01-06,Antigua and Barbuda
928,Lauren Myers,Female,18,2021-03-23,Iceland
929,Danny Flores,Non-binary,51,2020-08-21,Saint Lucia
930,Donna Shaw,Male,18,2023-10-16,Netherlands
931,Mark Camacho,Male,36,2021-07-28,Palau
932,William Colon,Female,48,2022-02-25,Marshall Islands
933,Austin Stevens,Male,52,2021-08-28,Northern Mariana Islands
934,Mary Harris,Non-binary,70,2020-04-01,Greenland
935,Shannon Bailey,Female,68,2024-12-05,Cambodia
936,Eric Johnson,Male,41,2024-05-22,Comoros
937,Joseph Peters,Non-binary,39,2022-12-10,Syrian Arab Republic
938,Joshua Moore,Male,32,2020-03-06,Lesotho
939,James Foley,Male,67,2021-02-07,Lithuania
940,David Phelps,Female,51,2020-09-08,Liechtenstein
941,William Davis,Non-binary,29,2022-08-04,Papua New Guinea
942,Courtney Cox,Female,24,2022-01-16,South Africa
943,Angel Rice,Male,33,2021-04-06,Syrian Arab Republic
944,Chris White,Male,51,2021-04-30,Burkina Faso
945,Karen Peters,Male,64,2024-09-01,Turks and Caicos Islands
946,Jeffrey Smith,Female,38,2020-03-29,Bolivia
947,Gina Moore,Non-binary,39,2022-01-27,Burkina Faso
948,April Lowery,Female,42,2023-03-22,Ghana
949,Angela Haley,Male,23,2020-07-14,Seychelles
950,Erin Garrett,Female,29,2022-09-24,Western Sahara
951,Heather Hernandez,Non-binary,58,2024-02-26,Greece
952,Rickey Zamora,Male,63,2022-08-31,San Marino
953,Felicia Harris,Non-binary,20,2024-09-02,Malaysia
954,Derek Lynn,Non-binary,70,2024-04-16,Togo
955,Travis Grant,Female,31,2023-11-09,Uganda
956,Joseph Cuevas,Male,38,2022-07-11,Morocco
957,Glenn Huynh,Female,31,2020-03-03,Taiwan
958,Aaron Patrick,Male,24,2024-10-10,South Africa
959,Carmen Dixon,Male,70,2024-08-30,Denmark
960,Leroy Gonzales,Non-binary,25,2020-11-12,Lebanon
961,Clayton Reed,Female,42,2021-06-06,Albania
962,Erik Shelton,Female,53,2020-05-11,Belize
963,Christopher Day,Female,53,2022-07-17,Ukraine
964,David Brock,Male,34,2022-03-11,Mauritius
965,Julia Wilson,Male,33,2022-09-11,Sudan
966,Alexander Powell,Male,25,2023-06-09,Australia
967,Brittany Casey,Non-binary,45,2024-01-11,Ecuador
968,Angela Thomas,Female,59,2021-09-14,Germany
969,Wendy Garcia,Female,42,2022-12-05,Estonia
970,Mary Rice,Non-binary,53,2024-01-02,Barbados
971,James Mosley,Non-binary,37,2020-02-13,Italy
972,Gwendolyn Watson,Male,28,2024-10-29,Turkmenistan
973,Brittney Kirk,Female,24,2021-08-19,Slovenia
974,Sean Thornton,Male,50,2020-12-04,Germany
975,Michael Nielsen,Non-binary,21,2024-11-25,Saint Lucia
976,Jennifer Sanders,Non-binary,20,2021-09-14,Barbados
977,Kevin Carter,Male,30,2020-11-13,Montenegro
978,Kyle Young,Female,40,2023-06-06,British Indian Ocean Territory (Chagos Archipelago)
979,Theodore Yates,Female,18,2024-06-14,Northern Mariana Islands
980,Sharon Thornton,Non-binary,28,2022-11-06,Kiribati
981,Jack Wong,Non-binary,30,2020-08-21,Gabon
982,Oscar Frey,Non-binary,68,2022-05-31,Indonesia
983,Eric Carrillo,Male,35,2023-01-22,Jersey
984,Christy Jackson,Male,46,2021-11-20,Brunei Darussalam
985,Taylor Miller,Male,58,2021-12-09,Montserrat
986,Jordan Villegas,Non-binary,36,2023-06-12,Liberia
987,Bradley Anderson,Male,27,2020-05-14,Marshall Islands
988,George Hunter,Female,38,2023-02-02,Mali
989,Jennifer Patterson,Non-binary,20,2023-04-24,Lebanon
990,Juan Campos,Non-binary,46,2021-03-29,Morocco
991,Carmen Wiggins,Female,45,2024-01-30,Congo
992,Nathan Leonard,Female,44,2023-06-09,Cyprus
993,Henry Camacho,Non-binary,54,2024-01-15,Uzbekistan
994,Michelle Cooper,Non-binary,52,2023-08-05,Burkina Faso
995,Danielle Potter,Non-binary,50,2024-06-11,United States of America
996,John Delacruz,Non-binary,19,2024-08-11,New Zealand
997,Karen Gregory,Non-binary,24,2021-10-22,United Arab Emirates
998,Rita Carter,Female,64,2022-02-05,Bhutan
999,Chase Gomez,Non-binary,45,2023-10-17,Malawi
1000,Amy Wright,Female,48,2023-09-22,Holy See (Vatican City State)
